Name,Tag,Town Hall,Wars Participated,Number of Attacks,Attack Percentage,Total Stars,Avg. Stars,True Stars,Avg. True Stars,Total Dest,Avg Dest,Three Stars,Two Stars,One Stars,Zero Stars,Missed,Total Defenses,Defensive Stars,Avg. Defensive Stars,Total Defensive Destruction,Avg Defensive Destruction,Lower TH Hits (Dips),Upper TH Hits (Reaches),Avg. Target Position,Avg. Target Distance,cwl_month,cwl_year
(xiao),#YQCQYRQC,18.0,7.0,7.0,100,20.0,"2,86",20.0,"2,86",675.0,"96,43",6.0,1.0,0.0,0.0,0.0,6.0,13.0,"2,17",539.0,"89,83",0.0,0.0,8,"-0,57",Mayo,2025
Joselillo13,#9R0V0L0Q,18.0,6.0,6.0,100,18.0,3,18.0,3,600.0,100,6.0,0.0,0.0,0.0,0.0,5.0,13.0,"2,60",477.0,"95,40",0.0,0.0,"10,17","0,33",Mayo,2025
Tidus,#LV9RVGPU,18.0,7.0,7.0,100,17.0,"2,43",17.0,"2,43",669.0,"95,57",3.0,4.0,0.0,0.0,0.0,6.0,15.0,"2,50",592.0,"98,67",0.0,0.0,"3,57","-1,71",Mayo,2025
maldito,#QLGLRLCQ,18.0,7.0,7.0,100,16.0,"2,29",16.0,"2,29",663.0,"94,71",2.0,5.0,0.0,0.0,0.0,6.0,14.0,"2,33",508.0,"84,67",0.0,0.0,"3,86","-0,43",Mayo,2025
AskerosoMilwoky,#8GYCVQGPC,18.0,6.0,6.0,100,16.0,"2,67",16.0,"2,67",578.0,"96,33",4.0,2.0,0.0,0.0,0.0,6.0,15.0,"2,50",569.0,"94,83",0.0,0.0,"11,50","-0,50",Mayo,2025
dreef,#LPLLVVU2U,18.0,6.0,6.0,100,15.0,"2,50",15.0,"2,50",587.0,"97,83",4.0,1.0,1.0,0.0,0.0,5.0,14.0,"2,80",496.0,"99,20",0.0,0.0,15,0,Mayo,2025
Leo Mster 66,#9808V2Y2J,18.0,6.0,6.0,100,15.0,"2,50",15.0,"2,50",585.0,"97,50",4.0,1.0,1.0,0.0,0.0,5.0,14.0,"2,80",496.0,"99,20",0.0,0.0,"10,67",0,Mayo,2025
cesobo,#GPV228QU,18.0,6.0,6.0,100,15.0,"2,50",15.0,"2,50",574.0,"95,67",3.0,3.0,0.0,0.0,0.0,5.0,14.0,"2,80",488.0,"97,60",0.0,0.0,"4,17",-2,Mayo,2025
DA SILVA,#RQ99LC9U,18.0,6.0,6.0,100,15.0,"2,50",15.0,"2,50",572.0,"95,33",3.0,3.0,0.0,0.0,0.0,5.0,12.0,"2,40",490.0,98,0.0,0.0,1,-1,Mayo,2025
Calvente7,#28RJULJYY,18.0,6.0,6.0,100,15.0,"2,50",15.0,"2,50",552.0,92,3.0,3.0,0.0,0.0,0.0,5.0,13.0,"2,60",492.0,"98,40",0.0,0.0,"4,50","-6,17",Mayo,2025
$bykronor37$,#G8GPL2PY,18.0,6.0,6.0,100,14.0,"2,33",14.0,"2,33",567.0,"94,50",3.0,2.0,1.0,0.0,0.0,5.0,12.0,"2,40",491.0,"98,20",0.0,0.0,"6,83","5,83",Mayo,2025
Matt_Mlaga,#UU9VGY0Y,18.0,6.0,6.0,100,14.0,"2,33",14.0,"2,33",560.0,"93,33",2.0,4.0,0.0,0.0,0.0,6.0,14.0,"2,33",577.0,"96,17",0.0,0.0,9,"6,33",Mayo,2025
JVMRVL denigran,#QL20GUJ2J,18.0,5.0,5.0,100,14.0,"2,80",14.0,"2,80",479.0,"95,80",4.0,1.0,0.0,0.0,0.0,4.0,10.0,"2,50",359.0,"89,75",0.0,0.0,13,"-0,20",Mayo,2025
/Sun Wukong,#YU0CP009C,18.0,5.0,5.0,100,13.0,"2,60",13.0,"2,60",471.0,"94,20",3.0,2.0,0.0,0.0,0.0,5.0,14.0,"2,80",481.0,"96,20",0.0,0.0,14,0,Mayo,2025
Morfeo46,#V2JR880G,18.0,5.0,5.0,100,12.0,"2,40",12.0,"2,40",459.0,"91,80",2.0,3.0,0.0,0.0,0.0,4.0,10.0,"2,50",377.0,"94,25",0.0,0.0,"4,40",1,Mayo,2025
BOQ_Magnito,#GQLLCVV2R,18.0,5.0,5.0,100,12.0,"2,40",12.0,"2,40",450.0,90,2.0,3.0,0.0,0.0,0.0,4.0,12.0,3,400.0,100,0.0,0.0,"7,80","-0,40",Mayo,2025
Melphas Turbo,#PPGLC2PR2,18.0,5.0,5.0,100,9.0,"1,80",9.0,"1,80",460.0,92,0.0,4.0,1.0,0.0,0.0,4.0,9.0,"2,25",339.0,"84,75",0.0,0.0,13,"0,20",Mayo,2025
The-harmen-path,#P9P80URV,18.0,5.0,5.0,100,9.0,"1,80",9.0,"1,80",448.0,"89,60",1.0,2.0,2.0,0.0,0.0,4.0,11.0,"2,75",396.0,99,0.0,0.0,"6,80","-0,20",Mayo,2025
Slayer,#9LJ9C8R2L,18.0,7.0,7.0,100,21.0,3,21.0,3,700.0,100,7.0,0.0,0.0,0.0,0.0,6.0,13.0,"2,17",485.0,"80,83",2.0,0.0,"12,14","10,14",Junio,2025
JVMRVL,#QPG8LPP09,16.0,7.0,7.0,100,21.0,3,21.0,3,700.0,100,7.0,0.0,0.0,0.0,0.0,4.0,10.0,"2,50",356.0,89,2.0,3.0,"20,57","-1,14",Junio,2025
Melphas,#GRV0P8QLP,15.0,7.0,7.0,100,20.0,"2,86",20.0,"2,86",698.0,"99,71",6.0,1.0,0.0,0.0,0.0,5.0,13.0,"2,60",470.0,94,3.0,4.0,"28,86",0,Junio,2025
kronor2,#G0YRLPGRG,15.0,7.0,7.0,100,20.0,"2,86",17.0,"2,43",664.0,"94,86",6.0,1.0,0.0,0.0,0.0,7.0,17.0,"2,43",570.0,"81,43",4.0,3.0,23,"-6,57",Junio,2025
Mini Kaizen ,#QCYY8R2VP,17.0,7.0,7.0,100,19.0,"2,71",19.0,"2,71",652.0,"93,14",5.0,2.0,0.0,0.0,0.0,7.0,16.0,"2,29",615.0,"87,86",2.0,2.0,17,0,Junio,2025
alejandro,#8QRRPRPCY,15.0,7.0,7.0,100,19.0,"2,71",19.0,"2,71",652.0,"93,14",5.0,2.0,0.0,0.0,0.0,6.0,16.0,"2,67",587.0,"97,83",2.0,5.0,"28,57",0,Junio,2025
Mini Kaizen ,#LCJ2LYLUV,17.0,7.0,7.0,100,19.0,"2,71",19.0,"2,71",637.0,91,5.0,2.0,0.0,0.0,0.0,7.0,16.0,"2,29",590.0,"84,29",5.0,1.0,"21,57","-1,29",Junio,2025
The-harme-komer,#G8VRYV802,16.0,7.0,7.0,100,18.0,"2,57",18.0,"2,57",663.0,"94,71",4.0,3.0,0.0,0.0,0.0,7.0,15.0,"2,14",534.0,"76,29",2.0,4.0,"24,29","-1,14",Junio,2025
Miqueas,#GYUJQPVV9,17.0,7.0,7.0,100,18.0,"2,57",18.0,"2,57",662.0,"94,57",4.0,3.0,0.0,0.0,0.0,3.0,8.0,"2,67",275.0,"91,67",2.0,3.0,"15,57",0,Junio,2025
Sha,#9V8QYVJ0,18.0,7.0,7.0,100,18.0,"2,57",18.0,"2,57",652.0,"93,14",4.0,3.0,0.0,0.0,0.0,6.0,13.0,"2,17",478.0,"79,67",1.0,0.0,"3,57","0,57",Junio,2025
byanikilator,#299LR8GC2,16.0,7.0,7.0,100,18.0,"2,57",18.0,"2,57",645.0,"92,14",4.0,3.0,0.0,0.0,0.0,7.0,14.0,2,497.0,71,1.0,5.0,18,0,Junio,2025
BOQ.Freddy 82,#QG82VVL89,17.0,7.0,7.0,100,18.0,"2,57",18.0,"2,57",627.0,"89,57",4.0,3.0,0.0,0.0,0.0,7.0,19.0,"2,71",628.0,"89,71",4.0,1.0,24,0,Junio,2025
PEPIN,#Q0G02UJV,18.0,7.0,7.0,100,17.0,"2,43",17.0,"2,43",676.0,"96,57",4.0,2.0,1.0,0.0,0.0,7.0,11.0,"1,57",500.0,"71,43",1.0,0.0,2,1,Junio,2025
pttdvaro,#GPGU8GPCQ,17.0,7.0,7.0,100,17.0,"2,43",17.0,"2,43",657.0,"93,86",4.0,2.0,1.0,0.0,0.0,6.0,14.0,"2,33",542.0,"90,33",0.0,7.0,"1,14",-14,Junio,2025
Xemita1Shot,#8VJVCUC0R,15.0,7.0,7.0,100,17.0,"2,43",17.0,"2,43",646.0,"92,29",3.0,4.0,0.0,0.0,0.0,7.0,19.0,"2,71",648.0,"92,57",2.0,3.0,"25,57",0,Junio,2025
mazoneegro17,#Q8QUR8PJ,15.0,7.0,7.0,100,17.0,"2,43",17.0,"2,43",610.0,"87,14",4.0,2.0,1.0,0.0,0.0,6.0,15.0,"2,50",526.0,"87,67",2.0,4.0,"26,86","-0,14",Junio,2025
ESCORPION 82,#VQUJ0PCY,18.0,7.0,7.0,100,17.0,"2,43",17.0,"2,43",607.0,"86,71",3.0,4.0,0.0,0.0,0.0,7.0,18.0,"2,57",603.0,"86,14",1.0,0.0,5,0,Junio,2025
Alejandro,#2QPLVPRUV,16.0,7.0,7.0,100,17.0,"2,43",17.0,"2,43",589.0,"84,14",3.0,4.0,0.0,0.0,0.0,4.0,10.0,"2,50",384.0,96,2.0,4.0,20,0,Junio,2025
Marco,#Q0V0G90G2,17.0,7.0,7.0,100,16.0,"2,29",16.0,"2,29",623.0,89,3.0,3.0,1.0,0.0,0.0,6.0,12.0,2,521.0,"86,83",1.0,3.0,13,0,Junio,2025
Bo_Sergio,#82PGUG88,17.0,7.0,7.0,100,16.0,"2,29",16.0,"2,29",596.0,"85,14",2.0,5.0,0.0,0.0,0.0,6.0,14.0,"2,33",514.0,"85,67",2.0,4.0,11,2,Junio,2025
BOQ_Kaizen,#YGV0UPUR,18.0,7.0,7.0,100,16.0,"2,29",13.0,"1,86",586.0,"83,71",2.0,5.0,0.0,0.0,0.0,6.0,12.0,2,472.0,"78,67",1.0,0.0,"4,71","0,71",Junio,2025
Elisa,#LGQ802JQC,17.0,7.0,7.0,100,16.0,"2,29",16.0,"2,29",581.0,83,2.0,5.0,0.0,0.0,0.0,6.0,13.0,"2,17",489.0,"81,50",1.0,4.0,10,0,Junio,2025
Mini Kaizen ,#PR0RRJ2QG,17.0,7.0,7.0,100,16.0,"2,29",16.0,"2,29",579.0,"82,71",2.0,5.0,0.0,0.0,0.0,5.0,12.0,"2,40",464.0,"92,80",1.0,3.0,"11,71","0,14",Junio,2025
Emanuel,#QCQCPLQP0,17.0,7.0,7.0,100,16.0,"2,29",16.0,"2,29",562.0,"80,29",2.0,5.0,0.0,0.0,0.0,6.0,13.0,"2,17",487.0,"81,17",2.0,4.0,"14,29",0,Junio,2025
Julio289,#9LJV8VPCY,17.0,7.0,7.0,100,15.0,"2,14",15.0,"2,14",563.0,"80,43",1.0,6.0,0.0,0.0,0.0,7.0,15.0,"2,14",627.0,"89,57",1.0,5.0,7,0,Junio,2025
mini kaizen,#L8QPGRR0G,17.0,7.0,7.0,100,15.0,"2,14",15.0,"2,14",563.0,"80,43",2.0,4.0,1.0,0.0,0.0,6.0,17.0,"2,83",589.0,"98,17",1.0,3.0,12,"0,57",Junio,2025
Rhaegar,#PRLJLJY0P,16.0,7.0,6.0,"85,71",15.0,"2,50",15.0,"2,50",562.0,"93,67",4.0,1.0,1.0,0.0,1.0,7.0,17.0,"2,43",590.0,"84,29",2.0,3.0,20,1,Junio,2025
Luisito,#RQ290GJU,17.0,7.0,7.0,100,14.0,2,14.0,2,575.0,"82,14",2.0,3.0,2.0,0.0,0.0,7.0,16.0,"2,29",590.0,"84,29",1.0,4.0,8,0,Junio,2025
sisito03,#Y2U0VUPP,16.0,7.0,7.0,100,13.0,"1,86",13.0,"1,86",594.0,"84,86",1.0,4.0,2.0,0.0,0.0,6.0,17.0,"2,83",589.0,"98,17",2.0,3.0,"21,43",0,Junio,2025
Goyogr,#2UCL8LR8,18.0,7.0,5.0,"71,43",12.0,"2,40",12.0,"2,40",439.0,"87,80",2.0,3.0,0.0,0.0,2.0,5.0,14.0,"2,80",483.0,"96,60",3.0,0.0,"14,40","8,40",Junio,2025
Quam!x,#CRG8YQY9,18.0,7.0,7.0,100,21.0,3,21.0,3,700.0,100,7.0,0.0,0.0,0.0,0.0,6.0,14.0,"2,33",499.0,"83,17",0.0,0.0,"7,57","5,29",Julio,2025
eldavidelacosta,#Q0YJ82VY9,18.0,7.0,7.0,100,21.0,3,21.0,3,700.0,100,7.0,0.0,0.0,0.0,0.0,5.0,13.0,"2,60",464.0,"92,80",2.0,0.0,"28,43","-1,29",Julio,2025
BOQ_blackened,#Y0YCJQGGL,18.0,7.0,7.0,100,20.0,"2,86",20.0,"2,86",694.0,"99,14",6.0,1.0,0.0,0.0,0.0,6.0,15.0,"2,50",561.0,"93,50",0.0,0.0,"19,29",-10,Julio,2025
Aarone,#R28G80UC,18.0,7.0,7.0,100,20.0,"2,86",20.0,"2,86",676.0,"96,57",6.0,1.0,0.0,0.0,0.0,6.0,14.0,"2,33",525.0,"87,50",0.0,0.0,"12,71","-2,29",Julio,2025
KingClash,#YRYUPQ08,18.0,7.0,7.0,100,20.0,"2,86",20.0,"2,86",676.0,"96,57",6.0,1.0,0.0,0.0,0.0,5.0,15.0,3,500.0,100,5.0,0.0,"24,57","0,57",Julio,2025
BOQ.Palomilla.,#88UGG8P0,18.0,7.0,7.0,100,19.0,"2,71",19.0,"2,71",695.0,"99,29",5.0,2.0,0.0,0.0,0.0,6.0,15.0,"2,50",573.0,"95,50",0.0,0.0,"19,57","0,43",Julio,2025
BOQ_Superdeivi,#J99URGYL,18.0,7.0,7.0,100,19.0,"2,71",19.0,"2,71",685.0,"97,86",5.0,2.0,0.0,0.0,0.0,6.0,13.0,"2,17",526.0,"87,67",0.0,0.0,"5,71","0,29",Julio,2025
Chechunat,#2GRCLQY0C,18.0,7.0,7.0,100,19.0,"2,71",19.0,"2,71",677.0,"96,71",6.0,0.0,1.0,0.0,0.0,6.0,17.0,"2,83",588.0,98,0.0,0.0,21,"13,57",Julio,2025
Juan,#22RYUJLQP,18.0,7.0,7.0,100,19.0,"2,71",19.0,"2,71",666.0,"95,14",5.0,2.0,0.0,0.0,0.0,5.0,14.0,"2,80",486.0,"97,20",0.0,0.0,"21,57","0,71",Julio,2025
Adri,#Q0L92RGR9,18.0,7.0,7.0,100,19.0,"2,71",19.0,"2,71",660.0,"94,29",5.0,2.0,0.0,0.0,0.0,5.0,11.0,"2,20",475.0,95,1.0,0.0,"23,43","-1,57",Julio,2025
gian,#GV00GLQU,18.0,7.0,7.0,100,18.0,"2,57",18.0,"2,57",679.0,97,5.0,1.0,1.0,0.0,0.0,3.0,8.0,"2,67",265.0,"88,33",0.0,0.0,"13,29","1,71",Julio,2025
JTeva97,#2YPVRP9QL,18.0,7.0,7.0,100,18.0,"2,57",18.0,"2,57",679.0,97,4.0,3.0,0.0,0.0,0.0,5.0,14.0,"2,80",494.0,"98,80",1.0,0.0,"20,57","-2,43",Julio,2025
G.A.KRAITTOR,#QPQP9LGQ,18.0,7.0,7.0,100,18.0,"2,57",18.0,"2,57",666.0,"95,14",4.0,3.0,0.0,0.0,0.0,6.0,13.0,"2,17",550.0,"91,67",0.0,0.0,7,6,Julio,2025
NENITO,#LV8V008LJ,18.0,7.0,7.0,100,18.0,"2,57",18.0,"2,57",655.0,"93,57",4.0,3.0,0.0,0.0,0.0,5.0,14.0,"2,80",487.0,"97,40",0.0,0.0,"13,71","0,29",Julio,2025
Fbregas97,#98P08VJ,18.0,7.0,7.0,100,17.0,"2,43",17.0,"2,43",671.0,"95,86",4.0,2.0,1.0,0.0,0.0,6.0,13.0,"2,17",523.0,"87,17",0.0,0.0,"7,43","-9,29",Julio,2025
iTsArtetxe,#9CYLR0C80,18.0,7.0,7.0,100,17.0,"2,43",17.0,"2,43",664.0,"94,86",3.0,4.0,0.0,0.0,0.0,5.0,9.0,"1,80",481.0,"96,20",0.0,0.0,"12,43","0,71",Julio,2025
Quamix,#P2YV92UG,18.0,7.0,7.0,100,17.0,"2,43",17.0,"2,43",663.0,"94,71",3.0,4.0,0.0,0.0,0.0,6.0,16.0,"2,67",571.0,"95,17",0.0,0.0,"5,43","2,14",Julio,2025
aMRaNi.16,#200LRR20V,18.0,7.0,7.0,100,17.0,"2,43",17.0,"2,43",662.0,"94,57",4.0,2.0,1.0,0.0,0.0,5.0,12.0,"2,40",452.0,"90,40",0.0,0.0,"2,14","-5,57",Julio,2025
juangenjo,#20YLPG0U8,18.0,7.0,7.0,100,17.0,"2,43",17.0,"2,43",630.0,90,3.0,4.0,0.0,0.0,0.0,5.0,13.0,"2,60",476.0,"95,20",0.0,0.0,"9,29",2,Julio,2025
irina,#8URVRLPG,18.0,7.0,7.0,100,17.0,"2,43",17.0,"2,43",630.0,90,3.0,4.0,0.0,0.0,0.0,4.0,11.0,"2,75",376.0,94,1.0,0.0,"18,86",2,Julio,2025
THOR,#CPPC00GR,18.0,7.0,7.0,100,16.0,"2,29",16.0,"2,29",616.0,88,2.0,5.0,0.0,0.0,0.0,5.0,14.0,"2,80",459.0,"91,80",2.0,0.0,"19,57","-7,43",Julio,2025
Sotoca,#GV2VJQJQ,18.0,7.0,7.0,100,16.0,"2,29",16.0,"2,29",561.0,"80,14",2.0,5.0,0.0,0.0,0.0,6.0,15.0,"2,50",576.0,96,2.0,0.0,"18,29","-9,71",Julio,2025
alvaro10,#G800RRC,18.0,7.0,7.0,100,16.0,"2,29",16.0,"2,29",560.0,80,2.0,5.0,0.0,0.0,0.0,5.0,10.0,2,406.0,"81,20",1.0,0.0,"18,43","4,29",Julio,2025
G.A.CHRISTIAN,#2GQGVV2RL,18.0,7.0,7.0,100,15.0,"2,14",15.0,"2,14",637.0,91,1.0,6.0,0.0,0.0,0.0,6.0,14.0,"2,33",571.0,"95,17",1.0,0.0,"15,57","12,14",Julio,2025
Jfont033,#2CC089GQ,18.0,7.0,7.0,100,15.0,"2,14",15.0,"2,14",571.0,"81,57",1.0,6.0,0.0,0.0,0.0,5.0,14.0,"2,80",491.0,"98,20",0.0,0.0,"19,71",-1,Julio,2025
BOQ_Esponja,#22Q022080,18.0,7.0,7.0,100,15.0,"2,14",15.0,"2,14",570.0,"81,43",2.0,4.0,1.0,0.0,0.0,5.0,13.0,"2,60",481.0,"96,20",0.0,0.0,"10,29","0,14",Julio,2025
DavidP,#GLCJV0L9Q,18.0,7.0,6.0,"85,71",14.0,"2,33",14.0,"2,33",541.0,"90,17",2.0,4.0,0.0,0.0,1.0,6.0,14.0,"2,33",542.0,"90,33",0.0,0.0,"9,67",-8,Julio,2025
MAX POWER,#20JCPP8P,18.0,5.0,5.0,100,13.0,"2,60",13.0,"2,60",486.0,"97,20",3.0,2.0,0.0,0.0,0.0,4.0,9.0,"2,25",363.0,"90,75",2.0,0.0,"25,20","16,20",Julio,2025
wilson,#9JJJ9GGV,18.0,7.0,7.0,100,12.0,"1,71",12.0,"1,71",526.0,"75,14",2.0,1.0,4.0,0.0,0.0,6.0,15.0,"2,50",540.0,90,2.0,0.0,"22,43","-3,57",Julio,2025
JHON 17,#CQGGQUQ9,18.0,6.0,6.0,100,10.0,"1,67",10.0,"1,67",423.0,"70,50",1.0,2.0,3.0,0.0,0.0,3.0,9.0,3,300.0,100,0.0,0.0,"20,33","-1,33",Julio,2025
Maardaa,#QU9CQJQ,18.0,3.0,3.0,100,8.0,"2,67",8.0,"2,67",294.0,98,2.0,1.0,0.0,0.0,0.0,3.0,8.0,"2,67",298.0,"99,33",0.0,0.0,"4,67","-0,33",Julio,2025
S H A D E,#92022JQP9,17.0,1.0,1.0,100,3.0,3,3.0,3.0,100.0,100,1.0,0.0,0.0,0.0,0.0,1.0,3.0,3,100.0,100,1.0,0.0,10,3,Agosto,2025
Julio289,#9LJV8VPCY,17.0,1.0,1.0,100,3.0,3,3.0,3.0,100.0,100,1.0,0.0,0.0,0.0,0.0,1.0,3.0,3,100.0,100,1.0,0.0,8,0,Agosto,2025
mini kaizen,#L8QPGRR0G,16.0,1.0,1.0,100,3.0,3,3.0,3.0,100.0,100,1.0,0.0,0.0,0.0,0.0,1.0,2.0,2,98.0,98,0.0,0.0,15,6,Agosto,2025
Adan,#Q0V0G90G2,16.0,1.0,1.0,100,3.0,3,3.0,3.0,100.0,100,1.0,0.0,0.0,0.0,0.0,1.0,3.0,3,100.0,100,0.0,0.0,16,0,Agosto,2025
Bo_Sergio,#82PGUG88,15.0,1.0,1.0,100,3.0,3,3.0,3.0,100.0,100,1.0,0.0,0.0,0.0,0.0,1.0,3.0,3,100.0,100,0.0,1.0,18,0,Agosto,2025
IvanSFumega,#9L0PRQP0Q,15.0,1.0,1.0,100,3.0,3,3.0,3.0,100.0,100,1.0,0.0,0.0,0.0,0.0,1.0,2.0,2,97.0,97,0.0,1.0,21,-1,Agosto,2025
Alejandro,#2QPLVPRUV,15.0,1.0,1.0,100,3.0,3,3.0,3.0,100.0,100,1.0,0.0,0.0,0.0,0.0,1.0,3.0,3,100.0,100,0.0,1.0,27,4,Agosto,2025
pttdvaro,#GPGU8GPCQ,15.0,1.0,1.0,100,3.0,3,3.0,3.0,100.0,100,1.0,0.0,0.0,0.0,0.0,1.0,2.0,2,87.0,87,0.0,1.0,6,-20,Agosto,2025
mazoneegro17,#Q8QUR8PJ,15.0,1.0,1.0,100,3.0,3,3.0,3.0,100.0,100,1.0,0.0,0.0,0.0,0.0,1.0,3.0,3,100.0,100,0.0,1.0,29,2,Agosto,2025
K-Magno7,#GQLLCVV2R,17.0,1.0,1.0,100,3.0,3,3.0,3.0,100.0,100,1.0,0.0,0.0,0.0,0.0,1.0,3.0,3,100.0,100,0.0,0.0,26,-2,Agosto,2025
TheVillaelmaki,#UPU9PV2,14.0,1.0,1.0,100,3.0,3,3.0,3.0,100.0,100,1.0,0.0,0.0,0.0,0.0,1.0,3.0,3,100.0,100,0.0,1.0,28,-1,Agosto,2025
ESCORPION 82,#VQUJ0PCY,17.0,1.0,1.0,100,2.0,2,2.0,2.0,97.0,97,0.0,1.0,0.0,0.0,0.0,1.0,3.0,3,100.0,100,0.0,0.0,4,0,Agosto,2025
Mini Kaizen ,#QCYY8R2VP,15.0,1.0,1.0,100,2.0,2,2.0,2.0,94.0,94,0.0,1.0,0.0,0.0,0.0,1.0,3.0,3,100.0,100,0.0,1.0,19,0,Agosto,2025
J Benitez,#2GU9RG02Y,17.0,1.0,1.0,100,2.0,2,2.0,2.0,91.0,91,0.0,1.0,0.0,0.0,0.0,1.0,3.0,3,100.0,100,1.0,0.0,23,17,Agosto,2025
Exedium,#LU9LQQVU,15.0,1.0,1.0,100,2.0,2,2.0,2.0,91.0,91,0.0,1.0,0.0,0.0,0.0,1.0,3.0,3,100.0,100,0.0,1.0,17,0,Agosto,2025
Luisito,#RQ290GJU,16.0,1.0,1.0,100,2.0,2,2.0,2.0,89.0,89,0.0,1.0,0.0,0.0,0.0,1.0,2.0,2,79.0,79,0.0,0.0,11,0,Agosto,2025
Miqueas,#GYUJQPVV9,16.0,1.0,1.0,100,2.0,2,2.0,2.0,88.0,88,0.0,1.0,0.0,0.0,0.0,1.0,3.0,3,100.0,100,0.0,0.0,13,-2,Agosto,2025
Mini Kaizen ,#LCJ2LYLUV,15.0,1.0,1.0,100,2.0,2,2.0,2.0,83.0,83,0.0,1.0,0.0,0.0,0.0,1.0,3.0,3,100.0,100,0.0,0.0,20,0,Agosto,2025
alejandro,#8QRRPRPCY,15.0,1.0,1.0,100,2.0,2,2.0,2.0,81.0,81,0.0,1.0,0.0,0.0,0.0,1.0,2.0,2,98.0,98,0.0,0.0,25,0,Agosto,2025
PEPIN,#Q0G02UJV,17.0,1.0,1.0,100,2.0,2,2.0,2.0,78.0,78,0.0,1.0,0.0,0.0,0.0,1.0,3.0,3,100.0,100,0.0,0.0,1,0,Agosto,2025
BOQ_Kaizen,#YGV0UPUR,17.0,1.0,1.0,100,2.0,2,2.0,2.0,78.0,78,0.0,1.0,0.0,0.0,0.0,1.0,3.0,3,100.0,100,0.0,0.0,2,0,Agosto,2025
Zetineb,#LGQ802JQC,16.0,1.0,1.0,100,2.0,2,2.0,2.0,76.0,76,0.0,1.0,0.0,0.0,0.0,1.0,2.0,2,91.0,91,0.0,1.0,12,0,Agosto,2025
BOQ.Freddy 82,#QG82VVL89,16.0,1.0,1.0,100,2.0,2,2.0,2.0,76.0,76,0.0,1.0,0.0,0.0,0.0,1.0,2.0,2,87.0,87,0.0,0.0,14,0,Agosto,2025
Emanuel,#QCQCPLQP0,16.0,1.0,1.0,100,2.0,2,2.0,2.0,74.0,74,0.0,1.0,0.0,0.0,0.0,1.0,3.0,3,100.0,100,0.0,0.0,9,-4,Agosto,2025
Mini Kaizen ,#PR0RRJ2QG,16.0,1.0,1.0,100,2.0,2,2.0,2.0,73.0,73,0.0,1.0,0.0,0.0,0.0,1.0,3.0,3,100.0,100,0.0,0.0,7,-3,Agosto,2025
Sha,#9V8QYVJ0,17.0,1.0,1.0,100,2.0,2,2.0,2.0,69.0,69,0.0,1.0,0.0,0.0,0.0,1.0,3.0,3,100.0,100,0.0,0.0,3,0,Agosto,2025
villa peluquero,#JLLVR2G2,15.0,1.0,1.0,100,1.0,1,1.0,1.0,95.0,95,0.0,0.0,1.0,0.0,0.0,1.0,3.0,3,100.0,100,0.0,0.0,24,0,Agosto,2025
JesusWRLD,#LLPJV2QQ,15.0,1.0,1.0,100,1.0,1,1.0,1.0,78.0,78,0.0,0.0,1.0,0.0,0.0,1.0,3.0,3,100.0,100,0.0,0.0,22,1,Agosto,2025
Goyogr,#2UCL8LR8,17.0,1.0,1.0,100,1.0,1,1.0,1.0,77.0,77,0.0,0.0,1.0,0.0,0.0,1.0,3.0,3,100.0,100,1.0,0.0,5,0,Agosto,2025
Miguel _theboss,#GPV88GG8Y,14.0,1.0,0.0,0,0.0,0,0.0,,0.0,0,0.0,0.0,0.0,0.0,1.0,1.0,3.0,3,100.0,100,0.0,0.0,0,0,Agosto,2025
Joselin,#8LGCP98R9,17.0,7.0,7.0,100,21.0,3,21.0,3,700.0,100,7.0,0.0,0.0,0.0,0.0,7.0,15.0,"2,14",590.0,"84,29",0.0,0.0,"5,29","-13,43",Septiembre,2025
Calvin7,#G90P08PJV,16.0,7.0,7.0,100,21.0,3,21.0,3,700.0,100,7.0,0.0,0.0,0.0,0.0,7.0,18.0,"2,57",646.0,"92,29",0.0,5.0,"24,86",0,Septiembre,2025
AndresYeah,#J892Q8GQ,17.0,7.0,7.0,100,20.0,"2,86",20.0,"2,86",690.0,"98,57",6.0,1.0,0.0,0.0,0.0,7.0,17.0,"2,43",625.0,"89,29",0.0,0.0,"18,71","0,14",Septiembre,2025
minidanifire,#9Y8C99V8J,17.0,7.0,7.0,100,19.0,"2,71",19.0,"2,71",689.0,"98,43",5.0,2.0,0.0,0.0,0.0,7.0,17.0,"2,43",610.0,"87,14",0.0,0.0,"11,86",0,Septiembre,2025
SkippyRizzo,#YR8VCLPR,17.0,7.0,7.0,100,19.0,"2,71",19.0,"2,71",681.0,"97,29",5.0,2.0,0.0,0.0,0.0,7.0,19.0,"2,71",683.0,"97,57",0.0,0.0,"22,86","-0,14",Septiembre,2025
danifire2,#8JP8LLQR0,17.0,7.0,7.0,100,19.0,"2,71",19.0,"2,71",666.0,"95,14",5.0,2.0,0.0,0.0,0.0,7.0,14.0,2,580.0,"82,86",0.0,0.0,"5,86",4,Septiembre,2025
DA SILVA_07,#RQ99LC9U,17.0,7.0,7.0,100,18.0,"2,57",18.0,"2,57",691.0,"98,71",4.0,3.0,0.0,0.0,0.0,7.0,16.0,"2,29",559.0,"79,86",0.0,0.0,"3,29","-7,57",Septiembre,2025
VeinTiunO ,#R88JP9C0,16.0,7.0,7.0,100,18.0,"2,57",18.0,"2,57",682.0,"97,43",4.0,3.0,0.0,0.0,0.0,7.0,18.0,"2,57",647.0,"92,43",1.0,3.0,"27,86","0,14",Septiembre,2025
Alessandro,#22PGG298P,17.0,7.0,7.0,100,18.0,"2,57",18.0,"2,57",678.0,"96,86",4.0,3.0,0.0,0.0,0.0,7.0,15.0,"2,14",618.0,"88,29",0.0,0.0,"16,71","6,86",Septiembre,2025
dreef,#LPLLVVU2U,17.0,7.0,7.0,100,18.0,"2,57",18.0,"2,57",656.0,"93,71",4.0,3.0,0.0,0.0,0.0,7.0,16.0,"2,29",634.0,"90,57",0.0,0.0,"20,14",0,Septiembre,2025
Gelin,#PU8RR92J,16.0,7.0,7.0,100,18.0,"2,57",18.0,"2,57",640.0,"91,43",4.0,3.0,0.0,0.0,0.0,7.0,20.0,"2,86",685.0,"97,86",0.0,6.0,"22,86",0,Septiembre,2025
-_-JORGE-_-,#2P2YGJQR8,16.0,6.0,6.0,100,18.0,3,18.0,3,600.0,100,6.0,0.0,0.0,0.0,0.0,5.0,11.0,"2,20",451.0,"90,20",1.0,3.0,"27,83",0,Septiembre,2025
Exedium,#LU9LQQVU,16.0,7.0,7.0,100,17.0,"2,43",17.0,"2,43",660.0,"94,29",3.0,4.0,0.0,0.0,0.0,6.0,10.0,"1,67",531.0,"88,50",0.0,5.0,"23,86",0,Septiembre,2025
BOQ_The BoSs,#288JP9UPG,17.0,7.0,7.0,100,15.0,"2,14",15.0,"2,14",638.0,"91,14",1.0,6.0,0.0,0.0,0.0,7.0,17.0,"2,43",632.0,"90,29",0.0,0.0,"4,14","-0,14",Septiembre,2025
ReinaMora,#RU8YJPPL,17.0,7.0,7.0,100,15.0,"2,14",15.0,"2,14",626.0,"89,43",2.0,4.0,1.0,0.0,0.0,7.0,16.0,"2,29",591.0,"84,43",0.0,0.0,"9,71","1,71",Septiembre,2025
paco,#V28G2VQ9,17.0,7.0,7.0,100,15.0,"2,14",15.0,"2,14",624.0,"89,14",1.0,6.0,0.0,0.0,0.0,7.0,18.0,"2,57",630.0,90,0.0,0.0,"12,86",0,Septiembre,2025
Goku,#V2VL9U9C,17.0,7.0,7.0,100,15.0,"2,14",15.0,"2,14",614.0,"87,71",1.0,6.0,0.0,0.0,0.0,7.0,20.0,"2,86",697.0,"99,57",1.0,0.0,"21,57",0,Septiembre,2025
el menda 43,#8P928YJ2U,17.0,6.0,6.0,100,15.0,"2,50",15.0,"2,50",549.0,"91,50",4.0,1.0,1.0,0.0,0.0,6.0,15.0,"2,50",553.0,"92,17",0.0,0.0,"14,67",-1,Septiembre,2025
kaye,#Y8VG8UVJ,17.0,6.0,5.0,"83,33",14.0,"2,80",14.0,"2,80",490.0,98,4.0,1.0,0.0,0.0,1.0,6.0,13.0,"2,17",541.0,"90,17",0.0,0.0,"17,40",0,Septiembre,2025
Miguel,#P8J0YG8G,17.0,7.0,7.0,100,13.0,"1,86",13.0,"1,86",608.0,"86,86",1.0,4.0,2.0,0.0,0.0,7.0,18.0,"2,57",661.0,"94,43",0.0,0.0,"6,14",0,Septiembre,2025
IvanSFumega,#9L0PRQP0Q,16.0,6.0,6.0,100,13.0,"2,17",13.0,"2,17",533.0,"88,83",2.0,3.0,1.0,0.0,0.0,6.0,16.0,"2,67",586.0,"97,67",0.0,3.0,"26,17",0,Septiembre,2025
Sezz,#VQQRUC9Q,17.0,6.0,6.0,100,13.0,"2,17",13.0,"2,17",523.0,"87,17",1.0,5.0,0.0,0.0,0.0,6.0,14.0,"2,33",533.0,"88,83",0.0,0.0,8,"5,17",Septiembre,2025
JOSEPAPIPTY,#P80VJGYCY,17.0,6.0,5.0,"83,33",13.0,"2,60",13.0,"2,60",470.0,94,3.0,2.0,0.0,0.0,1.0,6.0,14.0,"2,33",534.0,89,0.0,0.0,8,"0,80",Septiembre,2025
Leo Mster 66,#9808V2Y2J,17.0,6.0,6.0,100,12.0,2,12.0,2,546.0,91,1.0,4.0,1.0,0.0,0.0,5.0,10.0,2,438.0,"87,60",0.0,0.0,"14,50",0,Septiembre,2025
BOQ.Clous,#GR9V2VVC,17.0,6.0,6.0,100,12.0,2,12.0,2,486.0,81,0.0,6.0,0.0,0.0,0.0,6.0,14.0,"2,33",541.0,"90,17",0.0,0.0,"13,67",0,Septiembre,2025
S H A D E,#92022JQP9,17.0,6.0,6.0,100,12.0,2,12.0,2,473.0,"78,83",0.0,6.0,0.0,0.0,0.0,6.0,13.0,"2,17",483.0,"80,50",0.0,0.0,"9,50","0,33",Septiembre,2025
CSAR,#LG2VUQQ9,17.0,6.0,6.0,100,12.0,2,12.0,2,469.0,"78,17",0.0,6.0,0.0,0.0,0.0,6.0,15.0,"2,50",559.0,"93,17",0.0,0.0,"16,17",0,Septiembre,2025
BOQ_Quamix,#22U2PVP88,15.0,5.0,5.0,100,12.0,"2,40",12.0,"2,40",423.0,"84,60",2.0,3.0,0.0,0.0,0.0,5.0,14.0,"2,80",492.0,"98,40",0.0,3.0,"29,80","-0,20",Septiembre,2025
Manolo 72,#L008V9LR,17.0,6.0,6.0,100,11.0,"1,83",11.0,"1,83",514.0,"85,67",0.0,5.0,1.0,0.0,0.0,6.0,15.0,"2,50",529.0,"88,17",0.0,0.0,"6,50","1,17",Septiembre,2025
mario,#UCUPQRJ,17.0,6.0,6.0,100,10.0,"1,67",10.0,"1,67",519.0,"86,50",0.0,4.0,2.0,0.0,0.0,5.0,12.0,"2,40",455.0,91,0.0,0.0,2,1,Septiembre,2025
Diguamen,#R9UYJCGQ,16.0,5.0,5.0,100,8.0,"1,60",8.0,"1,60",441.0,"88,20",1.0,1.0,3.0,0.0,0.0,5.0,13.0,"2,60",489.0,"97,80",0.0,5.0,"26,80",0,Septiembre,2025
ManTur,#LPQ82YY0,15.0,5.0,4.0,80,8.0,2,8.0,2,360.0,90,2.0,0.0,2.0,0.0,1.0,5.0,13.0,"2,60",456.0,"91,20",0.0,3.0,"29,50","0,25",Septiembre,2025
Brayan OG,#2YP8L9G80,17.0,4.0,3.0,75,6.0,2,6.0,2,243.0,81,0.0,3.0,0.0,0.0,1.0,4.0,9.0,"2,25",307.0,"76,75",0.0,0.0,"5,67","1,67",Septiembre,2025
Joselin,#8LGCP98R9,17.0,7.0,7.0,100,21.0,3.0,21.0,3.0,700.0,100.0,7.0,0.0,0.0,0.0,0.0,7.0,16.0,2.29,672.0,96.0,0.0,0.0,10.57,-5.43,Octubre,2025
-_-JORGE-_-,#2P2YGJQR8,17.0,7.0,7.0,100,21.0,3.0,21.0,3.0,700.0,100.0,7.0,0.0,0.0,0.0,0.0,6.0,14.0,2.33,571.0,95.17,0.0,0.0,17.57,-4.43,Octubre,2025
Calvin7,#G90P08PJV,16.0,7.0,7.0,100,21.0,3.0,21.0,3.0,700.0,100.0,7.0,0.0,0.0,0.0,0.0,7.0,14.0,2.0,650.0,92.86,0.0,1.0,24.71,-0.43,Octubre,2025
Leo Mster 66,#9808V2Y2J,17.0,7.0,7.0,100,19.0,2.71,19.0,2.71,693.0,99.0,5.0,2.0,0.0,0.0,0.0,7.0,17.0,2.43,628.0,89.71,0.0,0.0,13.29,0.0,Octubre,2025
XXL,#RLY0CCQL,16.0,7.0,7.0,100,19.0,2.71,19.0,2.71,683.0,97.57,5.0,2.0,0.0,0.0,0.0,7.0,19.0,2.71,681.0,97.29,0.0,6.0,27.43,0.43,Octubre,2025
AskerosoMilwoky,#8GYCVQGPC,17.0,7.0,7.0,100,19.0,2.71,19.0,2.71,680.0,97.14,5.0,2.0,0.0,0.0,0.0,7.0,13.0,1.86,554.0,79.14,0.0,0.0,15.0,0.0,Octubre,2025
Goku,#V2VL9U9C,17.0,7.0,7.0,100,19.0,2.71,19.0,2.71,676.0,96.57,5.0,2.0,0.0,0.0,0.0,7.0,18.0,2.57,638.0,91.14,0.0,0.0,17.0,-0.14,Octubre,2025
S H A D E,#92022JQP9,17.0,7.0,7.0,100,18.0,2.57,18.0,2.57,667.0,95.29,4.0,3.0,0.0,0.0,0.0,7.0,14.0,2.0,614.0,87.71,0.0,0.0,8.29,0.14,Octubre,2025
ReinaMora,#RU8YJPPL,17.0,7.0,7.0,100,18.0,2.57,18.0,2.57,663.0,94.71,4.0,3.0,0.0,0.0,0.0,7.0,15.0,2.14,635.0,90.71,0.0,0.0,8.0,0.86,Octubre,2025
Alessandro,#22PGG298P,17.0,7.0,7.0,100,18.0,2.57,18.0,2.57,652.0,93.14,4.0,3.0,0.0,0.0,0.0,7.0,15.0,2.14,659.0,94.14,1.0,0.0,19.86,10.71,Octubre,2025
$bykronor37$,#G8GPL2PY,17.0,7.0,7.0,100,18.0,2.57,18.0,2.57,640.0,91.43,4.0,3.0,0.0,0.0,0.0,7.0,17.0,2.43,634.0,90.57,0.0,0.0,1.43,0.43,Octubre,2025
The-harmen-path,#P9P80URV,17.0,7.0,7.0,100,17.0,2.43,17.0,2.43,662.0,94.57,3.0,4.0,0.0,0.0,0.0,7.0,17.0,2.43,616.0,88.0,0.0,0.0,12.0,0.0,Octubre,2025
VeinTiunO ,#R88JP9C0,16.0,7.0,7.0,100,17.0,2.43,17.0,2.43,661.0,94.43,3.0,4.0,0.0,0.0,0.0,6.0,15.0,2.5,552.0,92.0,0.0,7.0,25.71,0.0,Octubre,2025
dreef,#LPLLVVU2U,17.0,7.0,7.0,100,17.0,2.43,17.0,2.43,653.0,93.29,3.0,4.0,0.0,0.0,0.0,7.0,16.0,2.29,608.0,86.86,0.0,0.0,16.57,-1.29,Octubre,2025
BOQ.Clous,#GR9V2VVC,17.0,7.0,7.0,100,17.0,2.43,17.0,2.43,637.0,91.0,3.0,4.0,0.0,0.0,0.0,7.0,16.0,2.29,606.0,86.57,0.0,0.0,9.86,-0.57,Octubre,2025
SkippyRizzo,#YR8VCLPR,17.0,7.0,7.0,100,17.0,2.43,17.0,2.43,637.0,91.0,4.0,2.0,1.0,0.0,0.0,7.0,15.0,2.14,582.0,83.14,0.0,0.0,19.29,0.29,Octubre,2025
Gelin,#PU8RR92J,17.0,7.0,7.0,100,16.0,2.29,16.0,2.29,659.0,94.14,2.0,5.0,0.0,0.0,0.0,7.0,17.0,2.43,609.0,87.0,0.0,0.0,21.29,-1.86,Octubre,2025
Manolo 72,#L008V9LR,17.0,7.0,7.0,100,16.0,2.29,16.0,2.29,655.0,93.57,2.0,5.0,0.0,0.0,0.0,6.0,15.0,2.5,537.0,89.5,0.0,0.0,4.71,0.0,Octubre,2025
Sezz,#VQQRUC9Q,17.0,7.0,7.0,100,15.0,2.14,15.0,2.14,616.0,88.0,1.0,6.0,0.0,0.0,0.0,7.0,12.0,1.71,584.0,83.43,0.0,0.0,5.57,1.86,Octubre,2025
AlvaritoAlone,#YGGVRRG9,17.0,7.0,7.0,100,14.0,2.0,14.0,2.0,597.0,85.29,1.0,5.0,1.0,0.0,0.0,7.0,16.0,2.29,632.0,90.29,0.0,0.0,18.71,-2.29,Octubre,2025
toro levantado,#RUU2J9Q,16.0,6.0,6.0,100,14.0,2.33,14.0,2.33,568.0,94.67,3.0,2.0,1.0,0.0,0.0,6.0,16.0,2.67,555.0,92.5,0.0,4.0,24.0,-3.83,Octubre,2025
IvanSFumega,#9L0PRQP0Q,16.0,6.0,6.0,100,14.0,2.33,14.0,2.33,508.0,84.67,2.0,4.0,0.0,0.0,0.0,6.0,14.0,2.33,502.0,83.67,0.0,6.0,24.67,0.0,Octubre,2025
Slayer,#9LJ9C8R2L,17.0,6.0,6.0,100,13.0,2.17,13.0,2.17,545.0,90.83,1.0,5.0,0.0,0.0,0.0,5.0,10.0,2.0,416.0,83.2,0.0,0.0,8.67,6.0,Octubre,2025
mario,#UCUPQRJ,17.0,6.0,6.0,100,13.0,2.17,13.0,2.17,515.0,85.83,1.0,5.0,0.0,0.0,0.0,6.0,15.0,2.5,507.0,84.5,0.0,0.0,1.67,-0.67,Octubre,2025
Exedium,#LU9LQQVU,17.0,6.0,5.0,"83,33",13.0,2.6,13.0,2.6,460.0,92.0,3.0,2.0,0.0,0.0,1.0,6.0,16.0,2.67,567.0,94.5,0.0,0.0,20.2,0.0,Octubre,2025
kronor2,#G0YRLPGRG,15.0,5.0,5.0,100,13.0,2.6,12.0,2.4,438.0,87.6,3.0,2.0,0.0,0.0,0.0,4.0,11.0,2.75,393.0,98.25,0.0,5.0,27.4,-2.6,Octubre,2025
AndresYeah,#J892Q8GQ,17.0,7.0,7.0,100,12.0,1.71,12.0,1.71,610.0,87.14,0.0,5.0,2.0,0.0,0.0,7.0,15.0,2.14,635.0,90.71,0.0,0.0,13.71,0.0,Octubre,2025
Polemic,#822JV8QQ,17.0,6.0,5.0,"83,33",10.0,2.0,10.0,2.0,433.0,86.6,0.0,5.0,0.0,0.0,1.0,6.0,13.0,2.17,505.0,84.17,0.0,0.0,6.4,0.2,Octubre,2025
paco,#V28G2VQ9,17.0,6.0,5.0,"83,33",10.0,2.0,10.0,2.0,407.0,81.4,0.0,5.0,0.0,0.0,1.0,5.0,12.0,2.4,470.0,94.0,0.0,0.0,11.0,0.0,Octubre,2025
BlaZin,#QRL8Q9Y8R,17.0,4.0,4.0,100,7.0,1.75,7.0,1.75,254.0,63.5,0.0,3.0,1.0,0.0,0.0,4.0,11.0,2.75,381.0,95.25,0.0,0.0,24.75,0.0,Octubre,2025
Rhaegar,#PRLJLJY0P,15.0,4.0,3.0,75,7.0,2.33,7.0,2.33,231.0,77.0,1.0,2.0,0.0,0.0,1.0,4.0,12.0,3.0,400.0,100.0,0.0,3.0,28.67,0.0,Octubre,2025
ManTur,#LPQ82YY0,15.0,4.0,4.0,100,6.0,1.5,6.0,1.5,301.0,75.25,1.0,1.0,1.0,1.0,0.0,4.0,10.0,2.5,321.0,80.25,0.0,4.0,29.5,0.25,Octubre,2025
jhon jaigon,#U0Q0RC02,17.0,4.0,3.0,75,5.0,1.67,5.0,1.67,228.0,76.0,0.0,2.0,1.0,0.0,1.0,4.0,12.0,3.0,400.0,100.0,0.0,0.0,18.0,12.67,Octubre,2025
minidanifire,#9Y8C99V8J,17.0,7.0,7.0,100.0,21.0,3.0,21.0,3.0,700.0,100.0,7.0,0.0,0.0,0.0,0.0,4.0,11.0,2.75,395.0,98.75,1.0,0.0,11.86,0.57,Noviembre,2025
Leo Mster 66,#9808V2Y2J,17.0,7.0,7.0,100.0,19.0,2.71,19.0,2.71,692.0,98.86,5.0,2.0,0.0,0.0,0.0,7.0,14.0,2.0,534.0,76.29,1.0,0.0,14.29,0.0,Noviembre,2025
ReinaMora,#RU8YJPPL,17.0,7.0,7.0,100.0,17.0,2.43,17.0,2.43,653.0,93.29,3.0,4.0,0.0,0.0,0.0,6.0,12.0,2.0,481.0,80.17,0.0,0.0,8.71,0.0,Noviembre,2025
$bykronor37$,#G8GPL2PY,17.0,7.0,6.0,85.71,17.0,2.83,17.0,2.83,576.0,96.0,5.0,1.0,0.0,0.0,1.0,6.0,13.0,2.17,490.0,81.67,0.0,0.0,2.17,1.17,Noviembre,2025
Gelin,#PU8RR92J,17.0,6.0,6.0,100.0,16.0,2.67,16.0,2.67,588.0,98.0,4.0,2.0,0.0,0.0,0.0,6.0,11.0,1.83,445.0,74.17,2.0,0.0,23.0,0.83,Noviembre,2025
VeinTiunO ,#R88JP9C0,16.0,6.0,6.0,100.0,16.0,2.67,16.0,2.67,585.0,97.5,4.0,2.0,0.0,0.0,0.0,6.0,15.0,2.5,555.0,92.5,1.0,4.0,26.0,0.0,Noviembre,2025
AlvaritoAlone,#YGGVRRG9,17.0,6.0,6.0,100.0,16.0,2.67,16.0,2.67,584.0,97.33,4.0,2.0,0.0,0.0,0.0,6.0,13.0,2.17,474.0,79.0,1.0,0.0,23.17,-0.17,Noviembre,2025
Polemic,#822JV8QQ,17.0,6.0,6.0,100.0,16.0,2.67,16.0,2.67,572.0,95.33,5.0,0.0,1.0,0.0,0.0,5.0,9.0,1.8,431.0,86.2,0.0,0.0,9.0,1.33,Noviembre,2025
BOQ_The BoSs,#288JP9UPG,17.0,6.0,6.0,100.0,15.0,2.5,15.0,2.5,581.0,96.83,3.0,3.0,0.0,0.0,0.0,5.0,12.0,2.4,456.0,91.2,0.0,0.0,5.0,-0.17,Noviembre,2025
The-harmen-path,#P9P80URV,17.0,6.0,6.0,100.0,15.0,2.5,15.0,2.5,580.0,96.67,4.0,1.0,1.0,0.0,0.0,6.0,15.0,2.5,536.0,89.33,0.0,0.0,17.33,0.33,Noviembre,2025
Exedium,#LU9LQQVU,17.0,6.0,6.0,100.0,15.0,2.5,15.0,2.5,579.0,96.5,3.0,3.0,0.0,0.0,0.0,5.0,11.0,2.2,386.0,77.2,1.0,0.0,18.83,-2.0,Noviembre,2025
IvanSFumega,#9L0PRQP0Q,17.0,6.0,6.0,100.0,15.0,2.5,15.0,2.5,566.0,94.33,4.0,1.0,1.0,0.0,0.0,4.0,8.0,2.0,357.0,89.25,1.0,0.0,24.5,0.0,Noviembre,2025
Alessandro,#22PGG298P,17.0,6.0,6.0,100.0,15.0,2.5,15.0,2.5,542.0,90.33,3.0,3.0,0.0,0.0,0.0,6.0,15.0,2.5,548.0,91.33,1.0,0.0,15.33,3.17,Noviembre,2025
danifire2,#8JP8LLQR0,17.0,6.0,6.0,100.0,15.0,2.5,15.0,2.5,539.0,89.83,3.0,3.0,0.0,0.0,0.0,5.0,10.0,2.0,425.0,85.0,0.0,0.0,3.5,1.33,Noviembre,2025
S H A D E,#92022JQP9,17.0,6.0,6.0,100.0,15.0,2.5,15.0,2.5,513.0,85.5,3.0,3.0,0.0,0.0,0.0,5.0,10.0,2.0,388.0,77.6,0.0,0.0,10.67,0.5,Noviembre,2025
Miguel,#P8J0YG8G,17.0,6.0,6.0,100.0,14.0,2.33,14.0,2.33,563.0,93.83,3.0,2.0,1.0,0.0,0.0,5.0,11.0,2.2,398.0,79.6,0.0,0.0,5.67,-0.5,Noviembre,2025
jhon jaigon,#U0Q0RC02,17.0,6.0,6.0,100.0,14.0,2.33,14.0,2.33,518.0,86.33,2.0,4.0,0.0,0.0,0.0,6.0,13.0,2.17,478.0,79.67,0.0,0.0,11.17,4.0,Noviembre,2025
AndresYeah,#J892Q8GQ,17.0,6.0,6.0,100.0,13.0,2.17,13.0,2.17,557.0,92.83,3.0,1.0,2.0,0.0,0.0,6.0,12.0,2.0,541.0,90.17,1.0,0.0,16.0,0.17,Noviembre,2025
mario,#UCUPQRJ,17.0,6.0,6.0,100.0,13.0,2.17,13.0,2.17,523.0,87.17,1.0,5.0,0.0,0.0,0.0,6.0,14.0,2.33,526.0,87.67,0.0,0.0,2.17,-0.67,Noviembre,2025
Calvin7,#G90P08PJV,17.0,6.0,6.0,100.0,13.0,2.17,13.0,2.17,511.0,85.17,1.0,5.0,0.0,0.0,0.0,5.0,13.0,2.6,471.0,94.2,1.0,0.0,21.83,-1.0,Noviembre,2025
kaye,#Y8VG8UVJ,17.0,5.0,5.0,100.0,13.0,2.6,13.0,2.6,455.0,91.0,3.0,2.0,0.0,0.0,0.0,5.0,11.0,2.2,411.0,82.2,1.0,0.0,18.6,0.0,Noviembre,2025
Rhaegar,#PRLJLJY0P,16.0,5.0,5.0,100.0,13.0,2.6,13.0,2.6,449.0,89.8,3.0,2.0,0.0,0.0,0.0,5.0,12.0,2.4,414.0,82.8,2.0,2.0,27.2,0.0,Noviembre,2025
CSAR,#LG2VUQQ9,17.0,6.0,6.0,100.0,12.0,2.0,12.0,2.0,503.0,83.83,1.0,4.0,1.0,0.0,0.0,5.0,12.0,2.4,426.0,85.2,0.0,0.0,16.5,0.0,Noviembre,2025
kronor2,#G0YRLPGRG,15.0,5.0,5.0,100.0,12.0,2.4,12.0,2.4,463.0,92.6,3.0,1.0,1.0,0.0,0.0,5.0,14.0,2.8,469.0,93.8,1.0,3.0,30.0,0.0,Noviembre,2025
XXL,#RLY0CCQL,17.0,5.0,5.0,100.0,12.0,2.4,12.0,2.4,453.0,90.6,2.0,3.0,0.0,0.0,0.0,5.0,13.0,2.6,454.0,90.8,1.0,0.0,24.0,-0.6,Noviembre,2025
sisito03,#Y2U0VUPP,15.0,5.0,5.0,100.0,12.0,2.4,12.0,2.4,408.0,81.6,2.0,3.0,0.0,0.0,0.0,5.0,15.0,3.0,500.0,100.0,0.0,5.0,28.0,-0.4,Noviembre,2025
BOQ.Clous,#GR9V2VVC,17.0,5.0,5.0,100.0,11.0,2.2,11.0,2.2,464.0,92.8,3.0,0.0,2.0,0.0,0.0,5.0,13.0,2.6,437.0,87.4,0.0,0.0,14.2,0.0,Noviembre,2025
Alvarito,#29CVQQV00,17.0,5.0,5.0,100.0,11.0,2.2,11.0,2.2,463.0,92.6,2.0,2.0,1.0,0.0,0.0,5.0,10.0,2.0,442.0,88.4,1.0,0.0,9.6,0.0,Noviembre,2025
paco,#V28G2VQ9,17.0,5.0,5.0,100.0,11.0,2.2,11.0,2.2,439.0,87.8,1.0,4.0,0.0,0.0,0.0,5.0,11.0,2.2,427.0,85.4,1.0,0.0,12.6,-0.8,Noviembre,2025
BOQ_Quamix,#22U2PVP88,15.0,5.0,5.0,100.0,11.0,2.2,11.0,2.2,426.0,85.2,1.0,4.0,0.0,0.0,0.0,5.0,13.0,2.6,473.0,94.6,0.0,4.0,29.2,0.0,Noviembre,2025
toro levantado,#RUU2J9Q,17.0,5.0,5.0,100.0,11.0,2.2,11.0,2.2,410.0,82.0,1.0,4.0,0.0,0.0,0.0,5.0,11.0,2.2,380.0,76.0,0.0,0.0,21.2,-3.2,Noviembre,2025
Sezz,#VQQRUC9Q,17.0,5.0,5.0,100.0,11.0,2.2,11.0,2.2,401.0,80.2,1.0,4.0,0.0,0.0,0.0,5.0,9.0,1.8,343.0,68.6,0.0,0.0,4.2,0.0,Noviembre,2025
Slayer,#9LJ9C8R2L,17.0,5.0,5.0,100.0,11.0,2.2,11.0,2.2,398.0,79.6,1.0,4.0,0.0,0.0,0.0,5.0,12.0,2.4,403.0,80.6,0.0,0.0,3.6,0.0,Noviembre,2025
dreef,#LPLLVVU2U,17.0,5.0,5.0,100.0,10.0,2.0,10.0,2.0,375.0,75.0,1.0,3.0,1.0,0.0,0.0,5.0,9.0,1.8,420.0,84.0,0.0,0.0,19.4,-0.6,Noviembre,2025
Goku,#V2VL9U9C,17.0,4.0,4.0,100.0,9.0,2.25,9.0,2.25,368.0,92.0,2.0,1.0,1.0,0.0,0.0,3.0,5.0,1.67,194.0,64.67,0.0,0.0,18.75,0.0,Noviembre,2025
SkippyRizzo,#YR8VCLPR,17.0,4.0,4.0,100.0,9.0,2.25,9.0,2.25,338.0,84.5,1.0,3.0,0.0,0.0,0.0,4.0,9.0,2.25,347.0,86.75,1.0,0.0,20.75,0.0,Noviembre,2025
Joselin,#8LGCP98R9,17.0,3.0,3.0,100.0,9.0,3.0,9.0,3.0,300.0,100.0,3.0,0.0,0.0,0.0,0.0,2.0,5.0,2.5,194.0,97.0,0.0,0.0,8.0,-9.33,Noviembre,2025
ManTur,#LPQ82YY0,16.0,4.0,4.0,100.0,8.0,2.0,8.0,2.0,258.0,64.5,1.0,2.0,1.0,0.0,0.0,3.0,9.0,3.0,300.0,100.0,1.0,2.0,27.0,0.5,Noviembre,2025
dreef,#LPLLVVU2U,18.0,7.0,7.0,100,21.0,3.0,21.0,3.0,700.0,100.0,7.0,0.0,0.0,0.0,0.0,7.0,17.0,2.43,631.0,90.14,2.0,0.0,11.86,0.0,Diciembre,2025
Joselin,#8LGCP98R9,17.0,7.0,7.0,100,21.0,3.0,21.0,3.0,700.0,100.0,7.0,0.0,0.0,0.0,0.0,5.0,11.0,2.2,437.0,87.4,1.0,2.0,13.29,0.29,Diciembre,2025
-_-JORGE-_-,#2P2YGJQR8,17.0,7.0,7.0,100,21.0,3.0,21.0,3.0,700.0,100.0,7.0,0.0,0.0,0.0,0.0,6.0,14.0,2.33,555.0,92.5,1.0,1.0,21.14,0.0,Diciembre,2025
Alvarito,#29CVQQV00,17.0,7.0,7.0,100,20.0,2.86,20.0,2.86,696.0,99.43,6.0,1.0,0.0,0.0,0.0,6.0,16.0,2.67,538.0,89.67,0.0,4.0,14.71,0.0,Diciembre,2025
BOQ_Magnito,#GQLLCVV2R,17.0,7.0,7.0,100,20.0,2.86,20.0,2.86,693.0,99.0,6.0,1.0,0.0,0.0,0.0,6.0,18.0,3.0,600.0,100.0,0.0,2.0,11.43,-3.43,Diciembre,2025
BOQ_TheBoSs,#288JP9UPG,18.0,7.0,7.0,100,19.0,2.71,19.0,2.71,693.0,99.0,5.0,2.0,0.0,0.0,0.0,6.0,14.0,2.33,533.0,88.83,1.0,0.0,7.71,0.14,Diciembre,2025
minidanifire,#9Y8C99V8J,17.0,7.0,7.0,100,19.0,2.71,19.0,2.71,689.0,98.43,5.0,2.0,0.0,0.0,0.0,7.0,16.0,2.29,651.0,93.0,2.0,2.0,19.71,0.86,Diciembre,2025
Deivid,#8GJCGRP82,18.0,7.0,7.0,100,18.0,2.57,18.0,2.57,684.0,97.71,4.0,3.0,0.0,0.0,0.0,6.0,16.0,2.67,575.0,95.83,1.0,0.0,6.43,0.71,Diciembre,2025
Goku,#V2VL9U9C,17.0,7.0,7.0,100,18.0,2.57,18.0,2.57,660.0,94.29,4.0,3.0,0.0,0.0,0.0,6.0,15.0,2.5,562.0,93.67,1.0,2.0,18.71,0.0,Diciembre,2025
Gelin,#PU8RR92J,17.0,6.0,6.0,100,18.0,3.0,18.0,3.0,600.0,100.0,6.0,0.0,0.0,0.0,0.0,6.0,14.0,2.33,513.0,85.5,3.0,0.0,25.5,0.17,Diciembre,2025
torolevantado,#RUU2J9Q,17.0,6.0,6.0,100,18.0,3.0,18.0,3.0,600.0,100.0,6.0,0.0,0.0,0.0,0.0,6.0,14.0,2.33,521.0,86.83,4.0,1.0,25.83,-0.33,Diciembre,2025
VeinTiunO,#R88JP9C0,17.0,6.0,6.0,100,18.0,3.0,18.0,3.0,600.0,100.0,6.0,0.0,0.0,0.0,0.0,6.0,13.0,2.17,459.0,76.5,3.0,0.0,27.17,0.0,Diciembre,2025
Calvin7,#G90P08PJV,17.0,6.0,6.0,100,17.0,2.83,17.0,2.83,597.0,99.5,5.0,1.0,0.0,0.0,0.0,6.0,14.0,2.33,513.0,85.5,1.0,1.0,21.0,-1.0,Diciembre,2025
BOQ.Clous,#GR9V2VVC,17.0,6.0,6.0,100,17.0,2.83,17.0,2.83,595.0,99.17,5.0,1.0,0.0,0.0,0.0,6.0,11.0,1.83,545.0,90.83,0.0,2.0,20.17,0.0,Diciembre,2025
ALEXVEGA,#9G9CPYCY,17.0,6.0,6.0,100,17.0,2.83,17.0,2.83,589.0,98.17,5.0,1.0,0.0,0.0,0.0,6.0,14.0,2.33,525.0,87.5,4.0,0.0,29.0,0.0,Diciembre,2025
Rhaegar,#PRLJLJY0P,16.0,6.0,6.0,100,17.0,2.83,17.0,2.83,589.0,98.17,5.0,1.0,0.0,0.0,0.0,6.0,16.0,2.67,561.0,93.5,3.0,2.0,30.0,0.0,Diciembre,2025
SkippyRizzo,#YR8VCLPR,17.0,6.0,6.0,100,17.0,2.83,17.0,2.83,582.0,97.0,5.0,1.0,0.0,0.0,0.0,6.0,15.0,2.5,500.0,83.33,1.0,0.0,24.0,0.0,Diciembre,2025
danifire2,#8JP8LLQR0,18.0,6.0,6.0,100,17.0,2.83,17.0,2.83,581.0,96.83,5.0,1.0,0.0,0.0,0.0,5.0,8.0,1.6,339.0,67.8,0.0,0.0,4.17,0.0,Diciembre,2025
Alessandro,#22PGG298P,18.0,6.0,6.0,100,17.0,2.83,17.0,2.83,572.0,95.33,5.0,1.0,0.0,0.0,0.0,5.0,13.0,2.6,483.0,96.6,2.0,0.0,10.5,-0.17,Diciembre,2025
IvanSFumega,#9L0PRQP0Q,17.0,6.0,6.0,100,16.0,2.67,16.0,2.67,595.0,99.17,4.0,2.0,0.0,0.0,0.0,6.0,14.0,2.33,543.0,90.5,2.0,0.0,23.0,0.0,Diciembre,2025
elmenda43,#8P928YJ2U,18.0,6.0,6.0,100,16.0,2.67,16.0,2.67,585.0,97.5,4.0,2.0,0.0,0.0,0.0,6.0,13.0,2.17,496.0,82.67,2.0,0.0,9.83,0.67,Diciembre,2025
ReinaMora,#RU8YJPPL,18.0,6.0,6.0,100,16.0,2.67,16.0,2.67,582.0,97.0,4.0,2.0,0.0,0.0,0.0,6.0,13.0,2.17,553.0,92.17,0.0,0.0,2.0,0.33,Diciembre,2025
SHADE,#92022JQP9,18.0,6.0,6.0,100,16.0,2.67,16.0,2.67,571.0,95.17,4.0,2.0,0.0,0.0,0.0,5.0,11.0,2.2,417.0,83.4,1.0,0.0,5.83,0.5,Diciembre,2025
mario,#UCUPQRJ,18.0,6.0,6.0,100,16.0,2.67,16.0,2.67,567.0,94.5,4.0,2.0,0.0,0.0,0.0,6.0,17.0,2.83,554.0,92.33,0.0,0.0,2.0,0.17,Diciembre,2025
Miguel,#P8J0YG8G,18.0,6.0,6.0,100,15.0,2.5,15.0,2.5,568.0,94.67,3.0,3.0,0.0,0.0,0.0,5.0,10.0,2.0,388.0,77.6,0.0,0.0,3.17,0.0,Diciembre,2025
paco,#V28G2VQ9,17.0,6.0,6.0,100,15.0,2.5,15.0,2.5,553.0,92.17,4.0,1.0,1.0,0.0,0.0,6.0,16.0,2.67,549.0,91.5,2.0,2.0,15.17,0.0,Diciembre,2025
Sezz,#VQQRUC9Q,18.0,6.0,6.0,100,14.0,2.33,14.0,2.33,545.0,90.83,2.0,4.0,0.0,0.0,0.0,5.0,11.0,2.2,390.0,78.0,0.0,0.0,7.33,-0.17,Diciembre,2025
XXL,#RLY0CCQL,17.0,5.0,5.0,100,14.0,2.8,14.0,2.8,495.0,99.0,4.0,1.0,0.0,0.0,0.0,5.0,12.0,2.4,447.0,89.4,2.0,0.0,26.2,0.0,Diciembre,2025
Tente,#GY98PUVYV,17.0,5.0,5.0,100,14.0,2.8,14.0,2.8,488.0,97.6,4.0,1.0,0.0,0.0,0.0,5.0,14.0,2.8,481.0,96.2,4.0,0.0,28.0,0.0,Diciembre,2025
AndresYeah,#J892Q8GQ,17.0,5.0,5.0,100,13.0,2.6,13.0,2.6,454.0,90.8,3.0,2.0,0.0,0.0,0.0,4.0,10.0,2.5,362.0,90.5,1.0,2.0,17.4,0.0,Diciembre,2025
CSAR,#LG2VUQQ9,17.0,5.0,5.0,100,13.0,2.6,13.0,2.6,442.0,88.4,3.0,2.0,0.0,0.0,0.0,4.0,10.0,2.5,374.0,93.5,1.0,2.0,16.8,0.0,Diciembre,2025
Polemic,#822JV8QQ,18.0,5.0,5.0,100,12.0,2.4,12.0,2.4,476.0,95.2,2.0,3.0,0.0,0.0,0.0,5.0,11.0,2.2,410.0,82.0,3.0,0.0,10.2,0.8,Diciembre,2025
KoshSiettChers,#98RY0UCC,18.0,5.0,4.0,80,10.0,2.5,10.0,2.5,381.0,95.25,2.0,2.0,0.0,0.0,1.0,4.0,10.0,2.5,365.0,91.25,1.0,0.0,9.75,-1.0,Diciembre,2025
AlvaritoAlone,#YGGVRRG9,17.0,4.0,4.0,100,9.0,2.25,9.0,2.25,327.0,81.75,1.0,3.0,0.0,0.0,0.0,4.0,10.0,2.5,368.0,92.0,1.0,0.0,25.0,0.25,Diciembre,2025
BrayanOG,#2YP8L9G80,18.0,5.0,4.0,80,8.0,2.0,8.0,2.0,361.0,90.25,1.0,2.0,1.0,0.0,1.0,5.0,14.0,2.8,492.0,98.4,0.0,0.0,6.0,3.25,Diciembre,2025
elmenda43,#8P928YJ2U,18.0,6.0,6.0,100.0,18.0,3.0,18.0,3.0,600.0,100.0,6.0,0.0,0.0,0.0,0.0,6.0,13.0,2.17,447.0,74.5,0.0,0.0,4.67,0.83,Enero,2026
Calvin7,#G90P08PJV,17.0,6.0,6.0,100.0,18.0,3.0,18.0,3.0,600.0,100.0,6.0,0.0,0.0,0.0,0.0,5.0,14.0,2.8,482.0,96.4,0.0,5.0,7.0,-2.67,Enero,2026
Joselin,#8LGCP98R9,18.0,6.0,6.0,100.0,17.0,2.83,17.0,2.83,599.0,99.83,5.0,1.0,0.0,0.0,0.0,5.0,9.0,1.8,360.0,72.0,1.0,0.0,5.33,-1.33,Enero,2026
VeinTiunO,#R88JP9C0,17.0,6.0,6.0,100.0,17.0,2.83,17.0,2.83,598.0,99.67,5.0,1.0,0.0,0.0,0.0,6.0,10.0,1.67,379.0,63.17,1.0,3.0,13.5,-0.67,Enero,2026
Gelin,#PU8RR92J,17.0,6.0,6.0,100.0,15.0,2.5,15.0,2.5,581.0,96.83,3.0,3.0,0.0,0.0,0.0,6.0,15.0,2.5,518.0,86.33,0.0,3.0,12.17,-1.0,Enero,2026
ALEXVEGA,#9G9CPYCY,17.0,5.0,5.0,100.0,15.0,3.0,15.0,3.0,500.0,100.0,5.0,0.0,0.0,0.0,0.0,5.0,10.0,2.0,351.0,70.2,3.0,0.0,15.0,0.0,Enero,2026
torolevantado,#RUU2J9Q,17.0,5.0,5.0,100.0,14.0,2.8,14.0,2.8,489.0,97.8,4.0,1.0,0.0,0.0,0.0,4.0,9.0,2.25,337.0,84.25,2.0,1.0,12.0,0.8,Enero,2026
SkippyRizzo,#YR8VCLPR,17.0,5.0,5.0,100.0,13.0,2.6,13.0,2.6,483.0,96.6,3.0,2.0,0.0,0.0,0.0,4.0,9.0,2.25,340.0,85.0,1.0,1.0,12.4,0.2,Enero,2026
danifire2,#8JP8LLQR0,18.0,5.0,5.0,100.0,13.0,2.6,13.0,2.6,477.0,95.4,4.0,0.0,1.0,0.0,0.0,4.0,7.0,1.75,282.0,70.5,0.0,0.0,4.6,3.0,Enero,2026
-_-JORGE-_-,#2P2YGJQR8,18.0,5.0,5.0,100.0,13.0,2.6,13.0,2.6,474.0,94.8,3.0,2.0,0.0,0.0,0.0,4.0,8.0,2.0,374.0,93.5,1.0,0.0,8.0,0.0,Enero,2026
Exedium,#LU9LQQVU,17.0,5.0,5.0,100.0,13.0,2.6,13.0,2.6,469.0,93.8,3.0,2.0,0.0,0.0,0.0,4.0,5.0,1.25,352.0,88.0,0.0,3.0,9.2,0.4,Enero,2026
Deivid,#8GJCGRP82,18.0,5.0,5.0,100.0,12.0,2.4,12.0,2.4,477.0,95.4,2.0,3.0,0.0,0.0,0.0,5.0,10.0,2.0,404.0,80.8,0.0,0.0,6.0,1.0,Enero,2026
ReinaMora,#RU8YJPPL,18.0,5.0,5.0,100.0,12.0,2.4,12.0,2.4,475.0,95.0,2.0,3.0,0.0,0.0,0.0,5.0,13.0,2.6,454.0,90.8,0.0,0.0,2.0,1.0,Enero,2026
Bruno,#9RPVY8VGL,17.0,5.0,5.0,100.0,12.0,2.4,12.0,2.4,462.0,92.4,3.0,1.0,1.0,0.0,0.0,4.0,9.0,2.25,358.0,89.5,0.0,3.0,10.4,0.2,Enero,2026
Alessandro,#22PGG298P,18.0,5.0,5.0,100.0,12.0,2.4,12.0,2.4,459.0,91.8,2.0,3.0,0.0,0.0,0.0,4.0,11.0,2.75,368.0,92.0,1.0,0.0,7.6,1.0,Enero,2026
minidanifire,#9Y8C99V8J,17.0,5.0,5.0,100.0,11.0,2.2,11.0,2.2,461.0,92.2,2.0,2.0,1.0,0.0,0.0,5.0,13.0,2.6,487.0,97.4,0.0,0.0,8.4,-0.8,Enero,2026
BOQ_Melphixo,#GP9Y9CC0,18.0,4.0,4.0,100.0,11.0,2.75,11.0,2.75,381.0,95.25,3.0,1.0,0.0,0.0,0.0,3.0,6.0,2.0,224.0,74.67,0.0,0.0,2.0,-3.75,Enero,2026
BOQ.Clous,#GR9V2VVC,17.0,4.0,4.0,100.0,9.0,2.25,9.0,2.25,337.0,84.25,1.0,3.0,0.0,0.0,0.0,4.0,11.0,2.75,367.0,91.75,0.0,4.0,9.25,0.5,Enero,2026
Manolo72,#L008V9LR,18.0,4.0,4.0,100.0,8.0,2.0,8.0,2.0,305.0,76.25,1.0,2.0,1.0,0.0,0.0,4.0,8.0,2.0,341.0,85.25,0.0,0.0,3.75,0.25,Enero,2026
rober,#9JQC8CJ2C,18.0,3.0,3.0,100.0,5.0,1.67,5.0,1.67,260.0,86.67,0.0,2.0,1.0,0.0,0.0,3.0,6.0,2.0,260.0,86.67,0.0,0.0,3.33,0.67,Enero,2026
rober,#28GL0RYJY,18.0,2.0,2.0,100.0,5.0,2.5,5.0,2.5,177.0,88.5,1.0,1.0,0.0,0.0,0.0,2.0,4.0,2.0,174.0,87.0,0.0,0.0,3.0,0.5,Enero,2026
Alvarito,#29CVQQV00,17.0,2.0,1.0,50.0,3.0,3.0,3.0,3.0,100.0,100.0,1.0,0.0,0.0,0.0,1.0,2.0,5.0,2.5,193.0,96.5,0.0,0.0,14.0,0.0,Enero,2026
<Esteban>,#2CRLJ00J8,18.0,1.0,0.0,0.0,0.0,0.0,0.0,,0.0,0.0,0.0,0.0,0.0,0.0,1.0,1.0,2.0,2.0,68.0,68.0,0.0,0.0,0.0,0.0,Enero,2026
MR.MECALIENTO,#2CYP02V9P,18.0,7.0,7.0,100,21.0,3,21.0,3,700.0,100,7.0,0.0,0.0,0.0,0.0,7.0,15.0,"2,14",597.0,"85,29",4.0,0.0,"24,29","5,57",Febrero,2026
Adri,#Q0L92RGR9,18.0,7.0,7.0,100,21.0,3,21.0,3,700.0,100,7.0,0.0,0.0,0.0,0.0,7.0,14.0,2,607.0,"86,71",5.0,0.0,27,"-0,86",Febrero,2026
NENITO,#LV8V008LJ,18.0,7.0,7.0,100,20.0,"2,86",20.0,"2,86",698.0,"99,71",6.0,1.0,0.0,0.0,0.0,7.0,16.0,"2,29",545.0,"77,86",3.0,0.0,"20,43","2,29",Febrero,2026
JTeva97,#2YPVRP9QL,18.0,7.0,7.0,100,20.0,"2,86",20.0,"2,86",696.0,"99,43",6.0,1.0,0.0,0.0,0.0,7.0,15.0,"2,14",608.0,"86,86",2.0,0.0,"18,86","-3,29",Febrero,2026
BOQ_Superdeivi,#J99URGYL,18.0,7.0,7.0,100,19.0,"2,71",19.0,"2,71",682.0,"97,43",5.0,2.0,0.0,0.0,0.0,7.0,15.0,"2,14",583.0,"83,29",0.0,0.0,"6,43","1,43",Febrero,2026
BOQ.Palomilla.,#88UGG8P0,18.0,7.0,7.0,100,19.0,"2,71",19.0,"2,71",678.0,"96,86",5.0,2.0,0.0,0.0,0.0,7.0,16.0,"2,29",622.0,"88,86",5.0,0.0,"25,14","1,71",Febrero,2026
MAX POWER,#20JCPP8P,18.0,7.0,7.0,100,19.0,"2,71",17.0,"2,43",675.0,"96,43",5.0,2.0,0.0,0.0,0.0,6.0,15.0,"2,50",561.0,"93,50",3.0,0.0,"20,57","8,71",Febrero,2026
THOR,#CPPC00GR,18.0,7.0,7.0,100,19.0,"2,71",19.0,"2,71",668.0,"95,43",5.0,2.0,0.0,0.0,0.0,7.0,17.0,"2,43",610.0,"87,14",6.0,0.0,25,"0,29",Febrero,2026
Juan,#22RYUJLQP,18.0,7.0,7.0,100,18.0,"2,57",18.0,"2,57",675.0,"96,43",4.0,3.0,0.0,0.0,0.0,7.0,15.0,"2,14",577.0,"82,43",2.0,0.0,"14,71","-11,86",Febrero,2026
KingClash,#YRYUPQ08,18.0,7.0,7.0,100,18.0,"2,57",18.0,"2,57",650.0,"92,86",4.0,3.0,0.0,0.0,0.0,7.0,12.0,"1,71",564.0,"80,57",5.0,0.0,"24,14","-2,29",Febrero,2026
Quamix,#P2YV92UG,18.0,7.0,6.0,"85,71",18.0,3,18.0,3,600.0,100,6.0,0.0,0.0,0.0,1.0,7.0,14.0,2,619.0,"88,43",0.0,0.0,"7,33","2,83",Febrero,2026
eldavidelacosta,#Q0YJ82VY9,17.0,6.0,6.0,100,18.0,3,18.0,3,600.0,100,6.0,0.0,0.0,0.0,0.0,6.0,15.0,"2,50",518.0,"86,33",2.0,2.0,"27,17","-2,83",Febrero,2026
Aarone,#R28G80UC,18.0,7.0,7.0,100,17.0,"2,43",17.0,"2,43",668.0,"95,43",4.0,2.0,1.0,0.0,0.0,7.0,15.0,"2,14",547.0,"78,14",2.0,0.0,"14,71","-1,14",Febrero,2026
juangenjo,#20YLPG0U8,18.0,7.0,7.0,100,16.0,"2,29",16.0,"2,29",637.0,91,3.0,3.0,1.0,0.0,0.0,7.0,15.0,"2,14",577.0,"82,43",1.0,0.0,"11,14","3,29",Febrero,2026
BOQ_ELOY,#2LRQC8PR,18.0,7.0,7.0,100,16.0,"2,29",16.0,"2,29",611.0,"87,29",2.0,5.0,0.0,0.0,0.0,7.0,16.0,"2,29",580.0,"82,86",1.0,0.0,"14,71","1,29",Febrero,2026
BOQ_Esponja,#22Q022080,18.0,6.0,6.0,100,16.0,"2,67",16.0,"2,67",569.0,"94,83",4.0,2.0,0.0,0.0,0.0,6.0,16.0,"2,67",571.0,"95,17",1.0,0.0,8,"4,67",Febrero,2026
Chechunat,#2GRCLQY0C,18.0,6.0,6.0,100,16.0,"2,67",16.0,"2,67",561.0,"93,50",4.0,2.0,0.0,0.0,0.0,6.0,14.0,"2,33",555.0,"92,50",0.0,0.0,"12,17",-1,Febrero,2026
TJ,#8PY922882,18.0,7.0,7.0,100,15.0,"2,14",13.0,"1,86",655.0,"93,57",2.0,4.0,1.0,0.0,0.0,6.0,13.0,"2,17",517.0,"86,17",0.0,0.0,"6,14","2,29",Febrero,2026
DavidP,#GLCJV0L9Q,18.0,7.0,7.0,100,15.0,"2,14",15.0,"2,14",652.0,"93,14",2.0,4.0,1.0,0.0,0.0,7.0,14.0,2,568.0,"81,14",0.0,0.0,7,"-7,86",Febrero,2026
G.A.CHRISTIAN,#2GQGVV2RL,18.0,6.0,6.0,100,15.0,"2,50",15.0,"2,50",545.0,"90,83",3.0,3.0,0.0,0.0,0.0,4.0,11.0,"2,75",378.0,"94,50",2.0,0.0,"15,83","7,33",Febrero,2026
gian,#GV00GLQU,18.0,6.0,6.0,100,15.0,"2,50",15.0,"2,50",527.0,"87,83",3.0,3.0,0.0,0.0,0.0,6.0,15.0,"2,50",545.0,"90,83",0.0,0.0,"10,67","0,33",Febrero,2026
alvaro10,#G800RRC,18.0,6.0,6.0,100,14.0,"2,33",14.0,"2,33",533.0,"88,83",2.0,4.0,0.0,0.0,0.0,6.0,12.0,2,497.0,"82,83",1.0,0.0,"14,17","2,50",Febrero,2026
G.A.KRAITTOR,#QPQP9LGQ,18.0,6.0,6.0,100,14.0,"2,33",14.0,"2,33",530.0,"88,33",3.0,2.0,1.0,0.0,0.0,6.0,15.0,"2,50",577.0,"96,17",0.0,0.0,"5,33","3,83",Febrero,2026
Fbregas97,#98P08VJ,18.0,6.0,6.0,100,13.0,"2,17",13.0,"2,17",507.0,"84,50",2.0,3.0,1.0,0.0,0.0,6.0,11.0,"1,83",491.0,"81,83",0.0,0.0,"13,83","-7,17",Febrero,2026
irina,#8URVRLPG,18.0,6.0,6.0,100,13.0,"2,17",13.0,"2,17",489.0,"81,50",1.0,5.0,0.0,0.0,0.0,5.0,10.0,2,437.0,"87,40",2.0,0.0,22,"3,83",Febrero,2026
BOQ_TJ,#9GGCGPCVR,18.0,6.0,6.0,100,12.0,2,12.0,2,566.0,"94,33",2.0,2.0,2.0,0.0,0.0,6.0,15.0,"2,50",551.0,"91,83",0.0,0.0,"6,83","-0,17",Febrero,2026
iTsArtetxe,#9CYLR0C80,18.0,6.0,6.0,100,12.0,2,12.0,2,524.0,"87,33",1.0,4.0,1.0,0.0,0.0,6.0,16.0,"2,67",589.0,"98,17",0.0,0.0,"13,50","-0,67",Febrero,2026
wilson,#9JJJ9GGV,18.0,5.0,5.0,100,11.0,"2,20",11.0,"2,20",422.0,"84,40",2.0,2.0,1.0,0.0,0.0,5.0,13.0,"2,60",482.0,"96,40",2.0,0.0,"27,40","-1,20",Febrero,2026
Sotoca,#GV2VJQJQ,18.0,5.0,5.0,100,11.0,"2,20",11.0,"2,20",416.0,"83,20",1.0,4.0,0.0,0.0,0.0,5.0,11.0,"2,20",392.0,"78,40",1.0,0.0,"21,60","-5,80",Febrero,2026
KRAITOR,#29JQY28YV,18.0,4.0,4.0,100,9.0,"2,25",9.0,"2,25",379.0,"94,75",2.0,1.0,1.0,0.0,0.0,4.0,8.0,2,351.0,"87,75",3.0,0.0,24,"0,25",Febrero,2026
CarloSPQR,#88L0GQPU,18.0,4.0,4.0,100,9.0,"2,25",9.0,"2,25",345.0,"86,25",1.0,3.0,0.0,0.0,0.0,4.0,11.0,"2,75",392.0,98,0.0,0.0,"2,25","1,25",Febrero,2026
Diego03,#YQRCJY8PP,18.0,4.0,4.0,100,8.0,2,8.0,2,309.0,"77,25",0.0,4.0,0.0,0.0,0.0,3.0,7.0,"2,33",273.0,91,0.0,0.0,"7,25",0,Febrero,2026
Manolo 72,#L008V9LR,18.0,4.0,3.0,75,7.0,"2,33",7.0,"2,33",285.0,95,1.0,2.0,0.0,0.0,1.0,4.0,12.0,3,400.0,100,1.0,0.0,"16,67","-2,33",Febrero,2026
Jfont033,#2CC089GQ,18.0,3.0,3.0,100,7.0,"2,33",7.0,"2,33",236.0,"78,67",1.0,2.0,0.0,0.0,0.0,3.0,9.0,3,300.0,100,1.0,0.0,"12,67",-9,Febrero,2026
Molina !,#U98R89R0,18.0,3.0,3.0,100,5.0,"1,67",5.0,"1,67",244.0,"81,33",0.0,2.0,1.0,0.0,0.0,3.0,5.0,"1,67",209.0,"69,67",0.0,0.0,"6,33","0,67",Febrero,2026
